SET SESSION FOREIGN_KEY_CHECKS=0;


INSERT INTO `js_sys_dict_type` (`id`, `dict_name`, `dict_type`, `is_sys`, `status`, `create_by`, `create_date`, `update_by`, `update_date`, `remarks`) VALUES ('1051366638160293888', '模块类型', 'cms_module_type', '1', '0', 'system', '2018-10-14 14:58:35', 'system', '2018-10-14 15:09:52', '模块类型（none未定义、article文章、link链接、picture图片、video视频、audio音频、book图书、down下载）');
INSERT INTO `js_sys_dict_type` (`id`, `dict_name`, `dict_type`, `is_sys`, `status`, `create_by`, `create_date`, `update_by`, `update_date`, `remarks`) VALUES ('1051460929039818752', '来源', 'cms_source', '1', '0', 'system', '2018-10-14 21:13:15', 'system', '2018-10-14 21:13:15', '来源（转载/原创）');
INSERT INTO `js_sys_dict_type` (`id`, `dict_name`, `dict_type`, `is_sys`, `status`, `create_by`, `create_date`, `update_by`, `update_date`, `remarks`) VALUES ('1051461476434239488', '推荐位置', 'cms_post', '1', '0', 'system', '2018-10-14 21:15:26', 'system', '2018-10-14 21:15:26', '推荐位置（1轮播图 2首页推荐 3栏目页面）');
INSERT INTO `js_sys_dict_type` (`id`, `dict_name`, `dict_type`, `is_sys`, `status`, `create_by`, `create_date`, `update_by`, `update_date`, `remarks`) VALUES ('1051462172126666752', '展现模式', 'cms_show_modes', '1', '0', 'system', '2018-10-14 21:18:12', 'system', '2018-10-14 21:18:12', '展现模式（1自动、2栏目列表、3第一条内容）');
INSERT INTO `js_sys_dict_type` (`id`, `dict_name`, `dict_type`, `is_sys`, `status`, `create_by`, `create_date`, `update_by`, `update_date`, `remarks`) VALUES ('1051463736295874560', '留言分类', 'cms_guest_type', '1', '0', 'system', '2018-10-14 21:24:25', 'system', '2018-10-14 21:24:25', '留言分类(1咨询,2建议,3投诉,4其它)');
INSERT INTO `js_sys_dict_type` (`id`, `dict_name`, `dict_type`, `is_sys`, `status`, `create_by`, `create_date`, `update_by`, `update_date`, `remarks`) VALUES ('1051464183752613888', '举报来源', 'cms_report_source', '1', '0', 'system', '2018-10-14 21:26:11', 'system', '2018-10-14 21:26:11', '举报来源（1文章、2评论）');
INSERT INTO `js_sys_dict_type` (`id`, `dict_name`, `dict_type`, `is_sys`, `status`, `create_by`, `create_date`, `update_by`, `update_date`, `remarks`) VALUES ('1051665528956129280', '举报内容', 'cms_report_content', '1', '0', 'system', '2018-10-15 10:46:16', 'system', '2018-10-15 10:46:16', '举报内容（文章标题 评论内容）');
INSERT INTO `js_sys_dict_type` (`id`, `dict_name`, `dict_type`, `is_sys`, `status`, `create_by`, `create_date`, `update_by`, `update_date`, `remarks`) VALUES ('1051665683193270272', '举报类型', 'cms_report_type', '1', '0', 'system', '2018-10-15 10:46:53', 'system', '2018-10-15 10:46:53', '举报类型（诈骗 色情 政治 广告 抄袭 招聘 骂人 其它）');
INSERT INTO `js_sys_dict_type` (`id`, `dict_name`, `dict_type`, `is_sys`, `status`, `create_by`, `create_date`, `update_by`, `update_date`, `remarks`) VALUES ('1051668667981631488', '访问来源类型', 'sys_source_type', '1', '0', 'system', '2018-10-15 10:58:44', 'system', '2018-10-15 11:01:55', '访问来源类型（1直接访问 2搜索引擎 3外部链接 4内部访问）');
INSERT INTO `js_sys_dict_type` (`id`, `dict_name`, `dict_type`, `is_sys`, `status`, `create_by`, `create_date`, `update_by`, `update_date`, `remarks`) VALUES ('1051668963059306496', '客户机设备类型', 'cms_user_device', '1', '1', 'system', '2018-10-15 10:59:55', 'system', '2018-10-15 11:00:32', '客户机设备类型（电脑、平板、手机、未知）');
INSERT INTO `js_sys_dict_type` (`id`, `dict_name`, `dict_type`, `is_sys`, `status`, `create_by`, `create_date`, `update_by`, `update_date`, `remarks`) VALUES ('1051771309046050816', '站点主题', 'cms_theme', '1', '0', 'system', '2018-10-15 17:46:36', 'system', '2018-10-15 17:46:57', '站点主题');
INSERT INTO `js_sys_dict_type` (`id`, `dict_name`, `dict_type`, `is_sys`, `status`, `create_by`, `create_date`, `update_by`, `update_date`, `remarks`) VALUES ('1051817532436197376', '模版路径', 'cms_templete_path', '1', '0', 'system', '2018-10-15 20:50:16', 'system', '2018-10-15 20:50:16', '模版路径');


INSERT INTO `js_sys_dict_data` (`dict_code`, `parent_code`, `parent_codes`, `tree_sort`, `tree_sorts`, `tree_leaf`, `tree_level`, `tree_names`, `dict_label`, `dict_value`, `dict_type`, `is_sys`, `description`, `css_style`, `css_class`, `status`, `create_by`, `create_date`, `update_by`, `update_date`, `remarks`, `corp_code`, `corp_name`, `extend_s1`, `extend_s2`, `extend_s3`, `extend_s4`, `extend_s5`, `extend_s6`, `extend_s7`, `extend_s8`, `extend_i1`, `extend_i2`, `extend_i3`, `extend_i4`, `extend_f1`, `extend_f2`, `extend_f3`, `extend_f4`, `extend_d1`, `extend_d2`, `extend_d3`, `extend_d4`) VALUES ('1051368026219065344', '0', '0,', '30', '0000000030,', '1', '0', '未定义', '未定义', 'none', 'cms_module_type', '1', '模块类型（none未定义、article文章、link链接、picture图片、video视频、audio音频、book图书、down下载）', '', '', '0', 'system', '2018-10-14 15:04:06', 'system', '2018-10-14 15:08:44', '', '0', 'JeeSite', '', '', '', '', '', '', '', '', NULL, NULL, NULL, NULL, NULL, NULL, NULL, NULL, NULL, NULL, NULL, NULL);
INSERT INTO `js_sys_dict_data` (`dict_code`, `parent_code`, `parent_codes`, `tree_sort`, `tree_sorts`, `tree_leaf`, `tree_level`, `tree_names`, `dict_label`, `dict_value`, `dict_type`, `is_sys`, `description`, `css_style`, `css_class`, `status`, `create_by`, `create_date`, `update_by`, `update_date`, `remarks`, `corp_code`, `corp_name`, `extend_s1`, `extend_s2`, `extend_s3`, `extend_s4`, `extend_s5`, `extend_s6`, `extend_s7`, `extend_s8`, `extend_i1`, `extend_i2`, `extend_i3`, `extend_i4`, `extend_f1`, `extend_f2`, `extend_f3`, `extend_f4`, `extend_d1`, `extend_d2`, `extend_d3`, `extend_d4`) VALUES ('1051368205538144256', '0', '0,', '60', '0000000060,', '1', '0', '文章', '文章', 'article', 'cms_module_type', '1', '模块类型（none未定义、article文章、link链接、picture图片、video视频、audio音频、book图书、down下载）', '', '', '0', 'system', '2018-10-14 15:04:48', 'system', '2018-10-14 15:08:47', '', '0', 'JeeSite', '', '', '', '', '', '', '', '', NULL, NULL, NULL, NULL, NULL, NULL, NULL, NULL, NULL, NULL, NULL, NULL);
INSERT INTO `js_sys_dict_data` (`dict_code`, `parent_code`, `parent_codes`, `tree_sort`, `tree_sorts`, `tree_leaf`, `tree_level`, `tree_names`, `dict_label`, `dict_value`, `dict_type`, `is_sys`, `description`, `css_style`, `css_class`, `status`, `create_by`, `create_date`, `update_by`, `update_date`, `remarks`, `corp_code`, `corp_name`, `extend_s1`, `extend_s2`, `extend_s3`, `extend_s4`, `extend_s5`, `extend_s6`, `extend_s7`, `extend_s8`, `extend_i1`, `extend_i2`, `extend_i3`, `extend_i4`, `extend_f1`, `extend_f2`, `extend_f3`, `extend_f4`, `extend_d1`, `extend_d2`, `extend_d3`, `extend_d4`) VALUES ('1051368320415936512', '0', '0,', '90', '0000000090,', '1', '0', '链接', '链接', 'link', 'cms_module_type', '1', '模块类型（none未定义、article文章、link链接、picture图片、video视频、audio音频、book图书、down下载）', '', '', '0', 'system', '2018-10-14 15:05:16', 'system', '2018-10-14 15:08:50', '', '0', 'JeeSite', '', '', '', '', '', '', '', '', NULL, NULL, NULL, NULL, NULL, NULL, NULL, NULL, NULL, NULL, NULL, NULL);
INSERT INTO `js_sys_dict_data` (`dict_code`, `parent_code`, `parent_codes`, `tree_sort`, `tree_sorts`, `tree_leaf`, `tree_level`, `tree_names`, `dict_label`, `dict_value`, `dict_type`, `is_sys`, `description`, `css_style`, `css_class`, `status`, `create_by`, `create_date`, `update_by`, `update_date`, `remarks`, `corp_code`, `corp_name`, `extend_s1`, `extend_s2`, `extend_s3`, `extend_s4`, `extend_s5`, `extend_s6`, `extend_s7`, `extend_s8`, `extend_i1`, `extend_i2`, `extend_i3`, `extend_i4`, `extend_f1`, `extend_f2`, `extend_f3`, `extend_f4`, `extend_d1`, `extend_d2`, `extend_d3`, `extend_d4`) VALUES ('1051368377479442432', '0', '0,', '120', '0000000120,', '1', '0', '图片', '图片', 'picture', 'cms_module_type', '1', '模块类型（none未定义、article文章、link链接、picture图片、video视频、audio音频、book图书、down下载）', '', '', '0', 'system', '2018-10-14 15:05:29', 'system', '2018-10-14 15:08:53', '', '0', 'JeeSite', '', '', '', '', '', '', '', '', NULL, NULL, NULL, NULL, NULL, NULL, NULL, NULL, NULL, NULL, NULL, NULL);
INSERT INTO `js_sys_dict_data` (`dict_code`, `parent_code`, `parent_codes`, `tree_sort`, `tree_sorts`, `tree_leaf`, `tree_level`, `tree_names`, `dict_label`, `dict_value`, `dict_type`, `is_sys`, `description`, `css_style`, `css_class`, `status`, `create_by`, `create_date`, `update_by`, `update_date`, `remarks`, `corp_code`, `corp_name`, `extend_s1`, `extend_s2`, `extend_s3`, `extend_s4`, `extend_s5`, `extend_s6`, `extend_s7`, `extend_s8`, `extend_i1`, `extend_i2`, `extend_i3`, `extend_i4`, `extend_f1`, `extend_f2`, `extend_f3`, `extend_f4`, `extend_d1`, `extend_d2`, `extend_d3`, `extend_d4`) VALUES ('1051368419208572928', '0', '0,', '150', '0000000150,', '1', '0', '视频', '视频', 'video', 'cms_module_type', '1', '模块类型（none未定义、article文章、link链接、picture图片、video视频、audio音频、book图书、down下载）', '', '', '0', 'system', '2018-10-14 15:05:39', 'system', '2018-10-14 15:08:57', '', '0', 'JeeSite', '', '', '', '', '', '', '', '', NULL, NULL, NULL, NULL, NULL, NULL, NULL, NULL, NULL, NULL, NULL, NULL);
INSERT INTO `js_sys_dict_data` (`dict_code`, `parent_code`, `parent_codes`, `tree_sort`, `tree_sorts`, `tree_leaf`, `tree_level`, `tree_names`, `dict_label`, `dict_value`, `dict_type`, `is_sys`, `description`, `css_style`, `css_class`, `status`, `create_by`, `create_date`, `update_by`, `update_date`, `remarks`, `corp_code`, `corp_name`, `extend_s1`, `extend_s2`, `extend_s3`, `extend_s4`, `extend_s5`, `extend_s6`, `extend_s7`, `extend_s8`, `extend_i1`, `extend_i2`, `extend_i3`, `extend_i4`, `extend_f1`, `extend_f2`, `extend_f3`, `extend_f4`, `extend_d1`, `extend_d2`, `extend_d3`, `extend_d4`) VALUES ('1051368456323969024', '0', '0,', '180', '0000000180,', '1', '0', '音频', '音频', 'audio', 'cms_module_type', '1', '模块类型（none未定义、article文章、link链接、picture图片、video视频、audio音频、图书、down下载）', '', '', '0', 'system', '2018-10-14 15:05:48', 'system', '2018-10-14 15:08:18', '', '0', 'JeeSite', '', '', '', '', '', '', '', '', NULL, NULL, NULL, NULL, NULL, NULL, NULL, NULL, NULL, NULL, NULL, NULL);
INSERT INTO `js_sys_dict_data` (`dict_code`, `parent_code`, `parent_codes`, `tree_sort`, `tree_sorts`, `tree_leaf`, `tree_level`, `tree_names`, `dict_label`, `dict_value`, `dict_type`, `is_sys`, `description`, `css_style`, `css_class`, `status`, `create_by`, `create_date`, `update_by`, `update_date`, `remarks`, `corp_code`, `corp_name`, `extend_s1`, `extend_s2`, `extend_s3`, `extend_s4`, `extend_s5`, `extend_s6`, `extend_s7`, `extend_s8`, `extend_i1`, `extend_i2`, `extend_i3`, `extend_i4`, `extend_f1`, `extend_f2`, `extend_f3`, `extend_f4`, `extend_d1`, `extend_d2`, `extend_d3`, `extend_d4`) VALUES ('1051368497402982400', '0', '0,', '210', '0000000210,', '1', '0', '图书', '图书', 'book', 'cms_module_type', '1', '模块类型（none未定义、article文章、link链接、picture图片、video视频、audio音频、book图书、down下载）', '', '', '0', 'system', '2018-10-14 15:05:58', 'system', '2018-10-14 15:08:29', '', '0', 'JeeSite', '', '', '', '', '', '', '', '', NULL, NULL, NULL, NULL, NULL, NULL, NULL, NULL, NULL, NULL, NULL, NULL);
INSERT INTO `js_sys_dict_data` (`dict_code`, `parent_code`, `parent_codes`, `tree_sort`, `tree_sorts`, `tree_leaf`, `tree_level`, `tree_names`, `dict_label`, `dict_value`, `dict_type`, `is_sys`, `description`, `css_style`, `css_class`, `status`, `create_by`, `create_date`, `update_by`, `update_date`, `remarks`, `corp_code`, `corp_name`, `extend_s1`, `extend_s2`, `extend_s3`, `extend_s4`, `extend_s5`, `extend_s6`, `extend_s7`, `extend_s8`, `extend_i1`, `extend_i2`, `extend_i3`, `extend_i4`, `extend_f1`, `extend_f2`, `extend_f3`, `extend_f4`, `extend_d1`, `extend_d2`, `extend_d3`, `extend_d4`) VALUES ('1051368840799039488', '0', '0,', '240', '0000000240,', '1', '0', '下载', '下载', 'down', 'cms_module_type', '1', '模块类型（none未定义、article文章、link链接、picture图片、video视频、audio音频、book图书、down下载）', '', '', '0', 'system', '2018-10-14 15:07:20', 'system', '2018-10-14 15:07:20', '', '0', 'JeeSite', '', '', '', '', '', '', '', '', NULL, NULL, NULL, NULL, NULL, NULL, NULL, NULL, NULL, NULL, NULL, NULL);
INSERT INTO `js_sys_dict_data` (`dict_code`, `parent_code`, `parent_codes`, `tree_sort`, `tree_sorts`, `tree_leaf`, `tree_level`, `tree_names`, `dict_label`, `dict_value`, `dict_type`, `is_sys`, `description`, `css_style`, `css_class`, `status`, `create_by`, `create_date`, `update_by`, `update_date`, `remarks`, `corp_code`, `corp_name`, `extend_s1`, `extend_s2`, `extend_s3`, `extend_s4`, `extend_s5`, `extend_s6`, `extend_s7`, `extend_s8`, `extend_i1`, `extend_i2`, `extend_i3`, `extend_i4`, `extend_f1`, `extend_f2`, `extend_f3`, `extend_f4`, `extend_d1`, `extend_d2`, `extend_d3`, `extend_d4`) VALUES ('1051461124314030080', '0', '0,', '90', '0000000090,', '1', '0', '转载', '转载', '1', 'cms_source', '1', '来源（转载/原创）', '', '', '0', 'system', '2018-10-14 21:14:02', 'system', '2018-10-26 11:29:59', '来源（1转载/2原创）', '0', 'JeeSite', '', '', '', '', '', '', '', '', NULL, NULL, NULL, NULL, NULL, NULL, NULL, NULL, NULL, NULL, NULL, NULL);
INSERT INTO `js_sys_dict_data` (`dict_code`, `parent_code`, `parent_codes`, `tree_sort`, `tree_sorts`, `tree_leaf`, `tree_level`, `tree_names`, `dict_label`, `dict_value`, `dict_type`, `is_sys`, `description`, `css_style`, `css_class`, `status`, `create_by`, `create_date`, `update_by`, `update_date`, `remarks`, `corp_code`, `corp_name`, `extend_s1`, `extend_s2`, `extend_s3`, `extend_s4`, `extend_s5`, `extend_s6`, `extend_s7`, `extend_s8`, `extend_i1`, `extend_i2`, `extend_i3`, `extend_i4`, `extend_f1`, `extend_f2`, `extend_f3`, `extend_f4`, `extend_d1`, `extend_d2`, `extend_d3`, `extend_d4`) VALUES ('1051461176914796544', '0', '0,', '60', '0000000060,', '1', '0', '原创', '原创', '2', 'cms_source', '1', '来源（转载/原创）', '', '', '0', 'system', '2018-10-14 21:14:14', 'system', '2018-10-14 21:28:28', '来源（1转载/2原创）', '0', 'JeeSite', '', '', '', '', '', '', '', '', NULL, NULL, NULL, NULL, NULL, NULL, NULL, NULL, NULL, NULL, NULL, NULL);
INSERT INTO `js_sys_dict_data` (`dict_code`, `parent_code`, `parent_codes`, `tree_sort`, `tree_sorts`, `tree_leaf`, `tree_level`, `tree_names`, `dict_label`, `dict_value`, `dict_type`, `is_sys`, `description`, `css_style`, `css_class`, `status`, `create_by`, `create_date`, `update_by`, `update_date`, `remarks`, `corp_code`, `corp_name`, `extend_s1`, `extend_s2`, `extend_s3`, `extend_s4`, `extend_s5`, `extend_s6`, `extend_s7`, `extend_s8`, `extend_i1`, `extend_i2`, `extend_i3`, `extend_i4`, `extend_f1`, `extend_f2`, `extend_f3`, `extend_f4`, `extend_d1`, `extend_d2`, `extend_d3`, `extend_d4`) VALUES ('1051461617518043136', '0', '0,', '30', '0000000030,', '1', '0', '轮播图', '轮播图', '1', 'cms_post', '1', '推荐位置（1轮播图 2首页推荐 3栏目页面）', '', '', '0', 'system', '2018-10-14 21:15:59', 'system', '2018-10-14 21:15:59', '推荐位置（1轮播图 2首页推荐 3栏目页面）', '0', 'JeeSite', '', '', '', '', '', '', '', '', NULL, NULL, NULL, NULL, NULL, NULL, NULL, NULL, NULL, NULL, NULL, NULL);
INSERT INTO `js_sys_dict_data` (`dict_code`, `parent_code`, `parent_codes`, `tree_sort`, `tree_sorts`, `tree_leaf`, `tree_level`, `tree_names`, `dict_label`, `dict_value`, `dict_type`, `is_sys`, `description`, `css_style`, `css_class`, `status`, `create_by`, `create_date`, `update_by`, `update_date`, `remarks`, `corp_code`, `corp_name`, `extend_s1`, `extend_s2`, `extend_s3`, `extend_s4`, `extend_s5`, `extend_s6`, `extend_s7`, `extend_s8`, `extend_i1`, `extend_i2`, `extend_i3`, `extend_i4`, `extend_f1`, `extend_f2`, `extend_f3`, `extend_f4`, `extend_d1`, `extend_d2`, `extend_d3`, `extend_d4`) VALUES ('1051461683083403264', '0', '0,', '60', '0000000060,', '1', '0', '首页推荐', '首页推荐', '2', 'cms_post', '1', '推荐位置（1轮播图 2首页推荐 3栏目页面）', '', '', '0', 'system', '2018-10-14 21:16:15', 'system', '2018-10-14 21:16:15', '推荐位置（1轮播图 2首页推荐 3栏目页面）', '0', 'JeeSite', '', '', '', '', '', '', '', '', NULL, NULL, NULL, NULL, NULL, NULL, NULL, NULL, NULL, NULL, NULL, NULL);
INSERT INTO `js_sys_dict_data` (`dict_code`, `parent_code`, `parent_codes`, `tree_sort`, `tree_sorts`, `tree_leaf`, `tree_level`, `tree_names`, `dict_label`, `dict_value`, `dict_type`, `is_sys`, `description`, `css_style`, `css_class`, `status`, `create_by`, `create_date`, `update_by`, `update_date`, `remarks`, `corp_code`, `corp_name`, `extend_s1`, `extend_s2`, `extend_s3`, `extend_s4`, `extend_s5`, `extend_s6`, `extend_s7`, `extend_s8`, `extend_i1`, `extend_i2`, `extend_i3`, `extend_i4`, `extend_f1`, `extend_f2`, `extend_f3`, `extend_f4`, `extend_d1`, `extend_d2`, `extend_d3`, `extend_d4`) VALUES ('1051461774196269056', '0', '0,', '90', '0000000090,', '1', '0', '栏目页面', '栏目页面', '3', 'cms_post', '1', '推荐位置（1轮播图 2首页推荐 3栏目页面）', '', '', '0', 'system', '2018-10-14 21:16:37', 'system', '2018-10-14 21:16:37', '推荐位置（1轮播图 2首页推荐 3栏目页面）', '0', 'JeeSite', '', '', '', '', '', '', '', '', NULL, NULL, NULL, NULL, NULL, NULL, NULL, NULL, NULL, NULL, NULL, NULL);
INSERT INTO `js_sys_dict_data` (`dict_code`, `parent_code`, `parent_codes`, `tree_sort`, `tree_sorts`, `tree_leaf`, `tree_level`, `tree_names`, `dict_label`, `dict_value`, `dict_type`, `is_sys`, `description`, `css_style`, `css_class`, `status`, `create_by`, `create_date`, `update_by`, `update_date`, `remarks`, `corp_code`, `corp_name`, `extend_s1`, `extend_s2`, `extend_s3`, `extend_s4`, `extend_s5`, `extend_s6`, `extend_s7`, `extend_s8`, `extend_i1`, `extend_i2`, `extend_i3`, `extend_i4`, `extend_f1`, `extend_f2`, `extend_f3`, `extend_f4`, `extend_d1`, `extend_d2`, `extend_d3`, `extend_d4`) VALUES ('1051462298454908928', '0', '0,', '30', '0000000030,', '1', '0', '自动', '自动', '1', 'cms_show_modes', '1', '展现模式（1自动、2栏目列表、3第一条内容）', '', '', '0', 'system', '2018-10-14 21:18:42', 'system', '2018-10-14 21:18:42', '展现模式（1自动、2栏目列表、3第一条内容）', '0', 'JeeSite', '', '', '', '', '', '', '', '', NULL, NULL, NULL, NULL, NULL, NULL, NULL, NULL, NULL, NULL, NULL, NULL);
INSERT INTO `js_sys_dict_data` (`dict_code`, `parent_code`, `parent_codes`, `tree_sort`, `tree_sorts`, `tree_leaf`, `tree_level`, `tree_names`, `dict_label`, `dict_value`, `dict_type`, `is_sys`, `description`, `css_style`, `css_class`, `status`, `create_by`, `create_date`, `update_by`, `update_date`, `remarks`, `corp_code`, `corp_name`, `extend_s1`, `extend_s2`, `extend_s3`, `extend_s4`, `extend_s5`, `extend_s6`, `extend_s7`, `extend_s8`, `extend_i1`, `extend_i2`, `extend_i3`, `extend_i4`, `extend_f1`, `extend_f2`, `extend_f3`, `extend_f4`, `extend_d1`, `extend_d2`, `extend_d3`, `extend_d4`) VALUES ('1051462356764123136', '0', '0,', '60', '0000000060,', '1', '0', '栏目列表', '栏目列表', '2', 'cms_show_modes', '1', '展现模式（1自动、2栏目列表、3第一条内容）', '', '', '0', 'system', '2018-10-14 21:18:56', 'system', '2018-10-14 21:18:56', '展现模式（1自动、2栏目列表、3第一条内容）', '0', 'JeeSite', '', '', '', '', '', '', '', '', NULL, NULL, NULL, NULL, NULL, NULL, NULL, NULL, NULL, NULL, NULL, NULL);
INSERT INTO `js_sys_dict_data` (`dict_code`, `parent_code`, `parent_codes`, `tree_sort`, `tree_sorts`, `tree_leaf`, `tree_level`, `tree_names`, `dict_label`, `dict_value`, `dict_type`, `is_sys`, `description`, `css_style`, `css_class`, `status`, `create_by`, `create_date`, `update_by`, `update_date`, `remarks`, `corp_code`, `corp_name`, `extend_s1`, `extend_s2`, `extend_s3`, `extend_s4`, `extend_s5`, `extend_s6`, `extend_s7`, `extend_s8`, `extend_i1`, `extend_i2`, `extend_i3`, `extend_i4`, `extend_f1`, `extend_f2`, `extend_f3`, `extend_f4`, `extend_d1`, `extend_d2`, `extend_d3`, `extend_d4`) VALUES ('1051462405485158400', '0', '0,', '90', '0000000090,', '1', '0', '第一条内容', '第一条内容', '3', 'cms_show_modes', '1', '展现模式（1自动、2栏目列表、3第一条内容）', '', '', '0', 'system', '2018-10-14 21:19:07', 'system', '2018-10-14 21:19:07', '展现模式（1自动、2栏目列表、3第一条内容）', '0', 'JeeSite', '', '', '', '', '', '', '', '', NULL, NULL, NULL, NULL, NULL, NULL, NULL, NULL, NULL, NULL, NULL, NULL);
INSERT INTO `js_sys_dict_data` (`dict_code`, `parent_code`, `parent_codes`, `tree_sort`, `tree_sorts`, `tree_leaf`, `tree_level`, `tree_names`, `dict_label`, `dict_value`, `dict_type`, `is_sys`, `description`, `css_style`, `css_class`, `status`, `create_by`, `create_date`, `update_by`, `update_date`, `remarks`, `corp_code`, `corp_name`, `extend_s1`, `extend_s2`, `extend_s3`, `extend_s4`, `extend_s5`, `extend_s6`, `extend_s7`, `extend_s8`, `extend_i1`, `extend_i2`, `extend_i3`, `extend_i4`, `extend_f1`, `extend_f2`, `extend_f3`, `extend_f4`, `extend_d1`, `extend_d2`, `extend_d3`, `extend_d4`) VALUES ('1051463877396455424', '0', '0,', '30', '0000000030,', '1', '0', '咨询', '咨询', '1', 'cms_guest_type', '1', '留言分类(1咨询,2建议,3投诉,4其它)', '', '', '0', 'system', '2018-10-14 21:24:58', 'system', '2018-10-14 21:24:58', '留言分类(1咨询,2建议,3投诉,4其它)', '0', 'JeeSite', '', '', '', '', '', '', '', '', NULL, NULL, NULL, NULL, NULL, NULL, NULL, NULL, NULL, NULL, NULL, NULL);
INSERT INTO `js_sys_dict_data` (`dict_code`, `parent_code`, `parent_codes`, `tree_sort`, `tree_sorts`, `tree_leaf`, `tree_level`, `tree_names`, `dict_label`, `dict_value`, `dict_type`, `is_sys`, `description`, `css_style`, `css_class`, `status`, `create_by`, `create_date`, `update_by`, `update_date`, `remarks`, `corp_code`, `corp_name`, `extend_s1`, `extend_s2`, `extend_s3`, `extend_s4`, `extend_s5`, `extend_s6`, `extend_s7`, `extend_s8`, `extend_i1`, `extend_i2`, `extend_i3`, `extend_i4`, `extend_f1`, `extend_f2`, `extend_f3`, `extend_f4`, `extend_d1`, `extend_d2`, `extend_d3`, `extend_d4`) VALUES ('1051463940352958464', '0', '0,', '60', '0000000060,', '1', '0', '建议', '建议', '2', 'cms_guest_type', '1', '留言分类(1咨询,2建议,3投诉,4其它)', '', '', '0', 'system', '2018-10-14 21:25:13', 'system', '2018-10-14 21:25:13', '留言分类(1咨询,2建议,3投诉,4其它)', '0', 'JeeSite', '', '', '', '', '', '', '', '', NULL, NULL, NULL, NULL, NULL, NULL, NULL, NULL, NULL, NULL, NULL, NULL);
INSERT INTO `js_sys_dict_data` (`dict_code`, `parent_code`, `parent_codes`, `tree_sort`, `tree_sorts`, `tree_leaf`, `tree_level`, `tree_names`, `dict_label`, `dict_value`, `dict_type`, `is_sys`, `description`, `css_style`, `css_class`, `status`, `create_by`, `create_date`, `update_by`, `update_date`, `remarks`, `corp_code`, `corp_name`, `extend_s1`, `extend_s2`, `extend_s3`, `extend_s4`, `extend_s5`, `extend_s6`, `extend_s7`, `extend_s8`, `extend_i1`, `extend_i2`, `extend_i3`, `extend_i4`, `extend_f1`, `extend_f2`, `extend_f3`, `extend_f4`, `extend_d1`, `extend_d2`, `extend_d3`, `extend_d4`) VALUES ('1051463985282342912', '0', '0,', '90', '0000000090,', '1', '0', '投诉', '投诉', '3', 'cms_guest_type', '1', '留言分类(1咨询,2建议,3投诉,4其它)', '', '', '0', 'system', '2018-10-14 21:25:24', 'system', '2018-10-14 21:25:24', '留言分类(1咨询,2建议,3投诉,4其它)', '0', 'JeeSite', '', '', '', '', '', '', '', '', NULL, NULL, NULL, NULL, NULL, NULL, NULL, NULL, NULL, NULL, NULL, NULL);
INSERT INTO `js_sys_dict_data` (`dict_code`, `parent_code`, `parent_codes`, `tree_sort`, `tree_sorts`, `tree_leaf`, `tree_level`, `tree_names`, `dict_label`, `dict_value`, `dict_type`, `is_sys`, `description`, `css_style`, `css_class`, `status`, `create_by`, `create_date`, `update_by`, `update_date`, `remarks`, `corp_code`, `corp_name`, `extend_s1`, `extend_s2`, `extend_s3`, `extend_s4`, `extend_s5`, `extend_s6`, `extend_s7`, `extend_s8`, `extend_i1`, `extend_i2`, `extend_i3`, `extend_i4`, `extend_f1`, `extend_f2`, `extend_f3`, `extend_f4`, `extend_d1`, `extend_d2`, `extend_d3`, `extend_d4`) VALUES ('1051464020560633856', '0', '0,', '120', '0000000120,', '1', '0', '其它', '其它', '4', 'cms_guest_type', '1', '留言分类(1咨询,2建议,3投诉,4其它)', '', '', '0', 'system', '2018-10-14 21:25:32', 'system', '2018-10-14 21:25:32', '留言分类(1咨询,2建议,3投诉,4其它)', '0', 'JeeSite', '', '', '', '', '', '', '', '', NULL, NULL, NULL, NULL, NULL, NULL, NULL, NULL, NULL, NULL, NULL, NULL);
INSERT INTO `js_sys_dict_data` (`dict_code`, `parent_code`, `parent_codes`, `tree_sort`, `tree_sorts`, `tree_leaf`, `tree_level`, `tree_names`, `dict_label`, `dict_value`, `dict_type`, `is_sys`, `description`, `css_style`, `css_class`, `status`, `create_by`, `create_date`, `update_by`, `update_date`, `remarks`, `corp_code`, `corp_name`, `extend_s1`, `extend_s2`, `extend_s3`, `extend_s4`, `extend_s5`, `extend_s6`, `extend_s7`, `extend_s8`, `extend_i1`, `extend_i2`, `extend_i3`, `extend_i4`, `extend_f1`, `extend_f2`, `extend_f3`, `extend_f4`, `extend_d1`, `extend_d2`, `extend_d3`, `extend_d4`) VALUES ('1051464328527405056', '0', '0,', '30', '0000000030,', '1', '0', '文章', '文章', '1', 'cms_report_source', '1', '举报来源（1文章、2评论）', '', '', '0', 'system', '2018-10-14 21:26:46', 'system', '2018-10-14 21:26:46', '举报来源（1文章、2评论）', '0', 'JeeSite', '', '', '', '', '', '', '', '', NULL, NULL, NULL, NULL, NULL, NULL, NULL, NULL, NULL, NULL, NULL, NULL);
INSERT INTO `js_sys_dict_data` (`dict_code`, `parent_code`, `parent_codes`, `tree_sort`, `tree_sorts`, `tree_leaf`, `tree_level`, `tree_names`, `dict_label`, `dict_value`, `dict_type`, `is_sys`, `description`, `css_style`, `css_class`, `status`, `create_by`, `create_date`, `update_by`, `update_date`, `remarks`, `corp_code`, `corp_name`, `extend_s1`, `extend_s2`, `extend_s3`, `extend_s4`, `extend_s5`, `extend_s6`, `extend_s7`, `extend_s8`, `extend_i1`, `extend_i2`, `extend_i3`, `extend_i4`, `extend_f1`, `extend_f2`, `extend_f3`, `extend_f4`, `extend_d1`, `extend_d2`, `extend_d3`, `extend_d4`) VALUES ('1051464388745027584', '0', '0,', '60', '0000000060,', '1', '0', '评论', '评论', '2', 'cms_report_source', '1', '举报来源（1文章、2评论）', '', '', '0', 'system', '2018-10-14 21:27:00', 'system', '2018-10-14 21:27:00', '举报来源（1文章、2评论）', '0', 'JeeSite', '', '', '', '', '', '', '', '', NULL, NULL, NULL, NULL, NULL, NULL, NULL, NULL, NULL, NULL, NULL, NULL);
INSERT INTO `js_sys_dict_data` (`dict_code`, `parent_code`, `parent_codes`, `tree_sort`, `tree_sorts`, `tree_leaf`, `tree_level`, `tree_names`, `dict_label`, `dict_value`, `dict_type`, `is_sys`, `description`, `css_style`, `css_class`, `status`, `create_by`, `create_date`, `update_by`, `update_date`, `remarks`, `corp_code`, `corp_name`, `extend_s1`, `extend_s2`, `extend_s3`, `extend_s4`, `extend_s5`, `extend_s6`, `extend_s7`, `extend_s8`, `extend_i1`, `extend_i2`, `extend_i3`, `extend_i4`, `extend_f1`, `extend_f2`, `extend_f3`, `extend_f4`, `extend_d1`, `extend_d2`, `extend_d3`, `extend_d4`) VALUES ('1051665780597592064', '0', '0,', '30', '0000000030,', '1', '0', '诈骗', '诈骗', '1', 'cms_report_type', '1', '举报类型（诈骗 色情 政治 广告 抄袭 招聘 骂人 其它）', '', '', '0', 'system', '2018-10-15 10:47:16', 'system', '2018-10-15 10:47:16', '', '0', 'JeeSite', '', '', '', '', '', '', '', '', NULL, NULL, NULL, NULL, NULL, NULL, NULL, NULL, NULL, NULL, NULL, NULL);
INSERT INTO `js_sys_dict_data` (`dict_code`, `parent_code`, `parent_codes`, `tree_sort`, `tree_sorts`, `tree_leaf`, `tree_level`, `tree_names`, `dict_label`, `dict_value`, `dict_type`, `is_sys`, `description`, `css_style`, `css_class`, `status`, `create_by`, `create_date`, `update_by`, `update_date`, `remarks`, `corp_code`, `corp_name`, `extend_s1`, `extend_s2`, `extend_s3`, `extend_s4`, `extend_s5`, `extend_s6`, `extend_s7`, `extend_s8`, `extend_i1`, `extend_i2`, `extend_i3`, `extend_i4`, `extend_f1`, `extend_f2`, `extend_f3`, `extend_f4`, `extend_d1`, `extend_d2`, `extend_d3`, `extend_d4`) VALUES ('1051665841968648192', '0', '0,', '60', '0000000060,', '1', '0', '色情', '色情', '2', 'cms_report_type', '1', '举报类型（诈骗 色情 政治 广告 抄袭 招聘 骂人 其它）', '', '', '0', 'system', '2018-10-15 10:47:30', 'system', '2018-10-15 10:47:30', '', '0', 'JeeSite', '', '', '', '', '', '', '', '', NULL, NULL, NULL, NULL, NULL, NULL, NULL, NULL, NULL, NULL, NULL, NULL);
INSERT INTO `js_sys_dict_data` (`dict_code`, `parent_code`, `parent_codes`, `tree_sort`, `tree_sorts`, `tree_leaf`, `tree_level`, `tree_names`, `dict_label`, `dict_value`, `dict_type`, `is_sys`, `description`, `css_style`, `css_class`, `status`, `create_by`, `create_date`, `update_by`, `update_date`, `remarks`, `corp_code`, `corp_name`, `extend_s1`, `extend_s2`, `extend_s3`, `extend_s4`, `extend_s5`, `extend_s6`, `extend_s7`, `extend_s8`, `extend_i1`, `extend_i2`, `extend_i3`, `extend_i4`, `extend_f1`, `extend_f2`, `extend_f3`, `extend_f4`, `extend_d1`, `extend_d2`, `extend_d3`, `extend_d4`) VALUES ('1051665908758745088', '0', '0,', '90', '0000000090,', '1', '0', '政治', '政治', '3', 'cms_report_type', '1', '举报类型（诈骗 色情 政治 广告 抄袭 招聘 骂人 其它）', '', '', '0', 'system', '2018-10-15 10:47:46', 'system', '2018-10-15 10:47:46', '', '0', 'JeeSite', '', '', '', '', '', '', '', '', NULL, NULL, NULL, NULL, NULL, NULL, NULL, NULL, NULL, NULL, NULL, NULL);
INSERT INTO `js_sys_dict_data` (`dict_code`, `parent_code`, `parent_codes`, `tree_sort`, `tree_sorts`, `tree_leaf`, `tree_level`, `tree_names`, `dict_label`, `dict_value`, `dict_type`, `is_sys`, `description`, `css_style`, `css_class`, `status`, `create_by`, `create_date`, `update_by`, `update_date`, `remarks`, `corp_code`, `corp_name`, `extend_s1`, `extend_s2`, `extend_s3`, `extend_s4`, `extend_s5`, `extend_s6`, `extend_s7`, `extend_s8`, `extend_i1`, `extend_i2`, `extend_i3`, `extend_i4`, `extend_f1`, `extend_f2`, `extend_f3`, `extend_f4`, `extend_d1`, `extend_d2`, `extend_d3`, `extend_d4`) VALUES ('1051665970213687296', '0', '0,', '120', '0000000120,', '1', '0', '广告', '广告', '4', 'cms_report_type', '1', '举报类型（诈骗 色情 政治 广告 抄袭 招聘 骂人 其它）', '', '', '0', 'system', '2018-10-15 10:48:01', 'system', '2018-10-15 10:48:01', '', '0', 'JeeSite', '', '', '', '', '', '', '', '', NULL, NULL, NULL, NULL, NULL, NULL, NULL, NULL, NULL, NULL, NULL, NULL);
INSERT INTO `js_sys_dict_data` (`dict_code`, `parent_code`, `parent_codes`, `tree_sort`, `tree_sorts`, `tree_leaf`, `tree_level`, `tree_names`, `dict_label`, `dict_value`, `dict_type`, `is_sys`, `description`, `css_style`, `css_class`, `status`, `create_by`, `create_date`, `update_by`, `update_date`, `remarks`, `corp_code`, `corp_name`, `extend_s1`, `extend_s2`, `extend_s3`, `extend_s4`, `extend_s5`, `extend_s6`, `extend_s7`, `extend_s8`, `extend_i1`, `extend_i2`, `extend_i3`, `extend_i4`, `extend_f1`, `extend_f2`, `extend_f3`, `extend_f4`, `extend_d1`, `extend_d2`, `extend_d3`, `extend_d4`) VALUES ('1051666058877079552', '0', '0,', '150', '0000000150,', '1', '0', '抄袭', '抄袭', '5', 'cms_report_type', '1', '举报类型（诈骗 色情 政治 广告 抄袭 招聘 骂人 其它）', '', '', '0', 'system', '2018-10-15 10:48:22', 'system', '2018-10-15 10:48:22', '', '0', 'JeeSite', '', '', '', '', '', '', '', '', NULL, NULL, NULL, NULL, NULL, NULL, NULL, NULL, NULL, NULL, NULL, NULL);
INSERT INTO `js_sys_dict_data` (`dict_code`, `parent_code`, `parent_codes`, `tree_sort`, `tree_sorts`, `tree_leaf`, `tree_level`, `tree_names`, `dict_label`, `dict_value`, `dict_type`, `is_sys`, `description`, `css_style`, `css_class`, `status`, `create_by`, `create_date`, `update_by`, `update_date`, `remarks`, `corp_code`, `corp_name`, `extend_s1`, `extend_s2`, `extend_s3`, `extend_s4`, `extend_s5`, `extend_s6`, `extend_s7`, `extend_s8`, `extend_i1`, `extend_i2`, `extend_i3`, `extend_i4`, `extend_f1`, `extend_f2`, `extend_f3`, `extend_f4`, `extend_d1`, `extend_d2`, `extend_d3`, `extend_d4`) VALUES ('1051666099196923904', '0', '0,', '180', '0000000180,', '1', '0', '招聘', '招聘', '6', 'cms_report_type', '1', '举报类型（诈骗 色情 政治 广告 抄袭 招聘 骂人 其它）', '', '', '0', 'system', '2018-10-15 10:48:32', 'system', '2018-10-15 10:48:32', '', '0', 'JeeSite', '', '', '', '', '', '', '', '', NULL, NULL, NULL, NULL, NULL, NULL, NULL, NULL, NULL, NULL, NULL, NULL);
INSERT INTO `js_sys_dict_data` (`dict_code`, `parent_code`, `parent_codes`, `tree_sort`, `tree_sorts`, `tree_leaf`, `tree_level`, `tree_names`, `dict_label`, `dict_value`, `dict_type`, `is_sys`, `description`, `css_style`, `css_class`, `status`, `create_by`, `create_date`, `update_by`, `update_date`, `remarks`, `corp_code`, `corp_name`, `extend_s1`, `extend_s2`, `extend_s3`, `extend_s4`, `extend_s5`, `extend_s6`, `extend_s7`, `extend_s8`, `extend_i1`, `extend_i2`, `extend_i3`, `extend_i4`, `extend_f1`, `extend_f2`, `extend_f3`, `extend_f4`, `extend_d1`, `extend_d2`, `extend_d3`, `extend_d4`) VALUES ('1051666152129040384', '0', '0,', '210', '0000000210,', '1', '0', '骂人', '骂人', '7', 'cms_report_type', '1', '举报类型（诈骗 色情 政治 广告 抄袭 招聘 骂人 其它）', '', '', '0', 'system', '2018-10-15 10:48:44', 'system', '2018-10-15 10:48:44', '', '0', 'JeeSite', '', '', '', '', '', '', '', '', NULL, NULL, NULL, NULL, NULL, NULL, NULL, NULL, NULL, NULL, NULL, NULL);
INSERT INTO `js_sys_dict_data` (`dict_code`, `parent_code`, `parent_codes`, `tree_sort`, `tree_sorts`, `tree_leaf`, `tree_level`, `tree_names`, `dict_label`, `dict_value`, `dict_type`, `is_sys`, `description`, `css_style`, `css_class`, `status`, `create_by`, `create_date`, `update_by`, `update_date`, `remarks`, `corp_code`, `corp_name`, `extend_s1`, `extend_s2`, `extend_s3`, `extend_s4`, `extend_s5`, `extend_s6`, `extend_s7`, `extend_s8`, `extend_i1`, `extend_i2`, `extend_i3`, `extend_i4`, `extend_f1`, `extend_f2`, `extend_f3`, `extend_f4`, `extend_d1`, `extend_d2`, `extend_d3`, `extend_d4`) VALUES ('1051666215895044096', '0', '0,', '240', '0000000240,', '1', '0', '其它', '其它', '8', 'cms_report_type', '1', '举报类型（诈骗 色情 政治 广告 抄袭 招聘 骂人 其它）', '', '', '0', 'system', '2018-10-15 10:49:00', 'system', '2018-10-15 10:49:00', '', '0', 'JeeSite', '', '', '', '', '', '', '', '', NULL, NULL, NULL, NULL, NULL, NULL, NULL, NULL, NULL, NULL, NULL, NULL);
INSERT INTO `js_sys_dict_data` (`dict_code`, `parent_code`, `parent_codes`, `tree_sort`, `tree_sorts`, `tree_leaf`, `tree_level`, `tree_names`, `dict_label`, `dict_value`, `dict_type`, `is_sys`, `description`, `css_style`, `css_class`, `status`, `create_by`, `create_date`, `update_by`, `update_date`, `remarks`, `corp_code`, `corp_name`, `extend_s1`, `extend_s2`, `extend_s3`, `extend_s4`, `extend_s5`, `extend_s6`, `extend_s7`, `extend_s8`, `extend_i1`, `extend_i2`, `extend_i3`, `extend_i4`, `extend_f1`, `extend_f2`, `extend_f3`, `extend_f4`, `extend_d1`, `extend_d2`, `extend_d3`, `extend_d4`) VALUES ('1051669783649718272', '0', '0,', '30', '0000000030,', '1', '0', '直接访问', '直接访问', '1', 'sys_source_type', '1', '访问来源类型（1直接访问 2搜索引擎 3外部链接 4内部访问）', '', '', '0', 'system', '2018-10-15 11:03:10', 'system', '2018-10-15 11:03:10', '', '0', 'JeeSite', '', '', '', '', '', '', '', '', NULL, NULL, NULL, NULL, NULL, NULL, NULL, NULL, NULL, NULL, NULL, NULL);
INSERT INTO `js_sys_dict_data` (`dict_code`, `parent_code`, `parent_codes`, `tree_sort`, `tree_sorts`, `tree_leaf`, `tree_level`, `tree_names`, `dict_label`, `dict_value`, `dict_type`, `is_sys`, `description`, `css_style`, `css_class`, `status`, `create_by`, `create_date`, `update_by`, `update_date`, `remarks`, `corp_code`, `corp_name`, `extend_s1`, `extend_s2`, `extend_s3`, `extend_s4`, `extend_s5`, `extend_s6`, `extend_s7`, `extend_s8`, `extend_i1`, `extend_i2`, `extend_i3`, `extend_i4`, `extend_f1`, `extend_f2`, `extend_f3`, `extend_f4`, `extend_d1`, `extend_d2`, `extend_d3`, `extend_d4`) VALUES ('1051669819083198464', '0', '0,', '60', '0000000060,', '1', '0', '搜索引擎', '搜索引擎', '2', 'sys_source_type', '1', '访问来源类型（1直接访问 2搜索引擎 3外部链接 4内部访问）', '', '', '0', 'system', '2018-10-15 11:03:19', 'system', '2018-10-15 11:03:19', '', '0', 'JeeSite', '', '', '', '', '', '', '', '', NULL, NULL, NULL, NULL, NULL, NULL, NULL, NULL, NULL, NULL, NULL, NULL);
INSERT INTO `js_sys_dict_data` (`dict_code`, `parent_code`, `parent_codes`, `tree_sort`, `tree_sorts`, `tree_leaf`, `tree_level`, `tree_names`, `dict_label`, `dict_value`, `dict_type`, `is_sys`, `description`, `css_style`, `css_class`, `status`, `create_by`, `create_date`, `update_by`, `update_date`, `remarks`, `corp_code`, `corp_name`, `extend_s1`, `extend_s2`, `extend_s3`, `extend_s4`, `extend_s5`, `extend_s6`, `extend_s7`, `extend_s8`, `extend_i1`, `extend_i2`, `extend_i3`, `extend_i4`, `extend_f1`, `extend_f2`, `extend_f3`, `extend_f4`, `extend_d1`, `extend_d2`, `extend_d3`, `extend_d4`) VALUES ('1051669871214202880', '0', '0,', '90', '0000000090,', '1', '0', '外部链接', '外部链接', '3', 'sys_source_type', '1', '访问来源类型（1直接访问 2搜索引擎 3外部链接 4内部访问）', '', '', '0', 'system', '2018-10-15 11:03:31', 'system', '2018-10-15 11:03:31', '', '0', 'JeeSite', '', '', '', '', '', '', '', '', NULL, NULL, NULL, NULL, NULL, NULL, NULL, NULL, NULL, NULL, NULL, NULL);
INSERT INTO `js_sys_dict_data` (`dict_code`, `parent_code`, `parent_codes`, `tree_sort`, `tree_sorts`, `tree_leaf`, `tree_level`, `tree_names`, `dict_label`, `dict_value`, `dict_type`, `is_sys`, `description`, `css_style`, `css_class`, `status`, `create_by`, `create_date`, `update_by`, `update_date`, `remarks`, `corp_code`, `corp_name`, `extend_s1`, `extend_s2`, `extend_s3`, `extend_s4`, `extend_s5`, `extend_s6`, `extend_s7`, `extend_s8`, `extend_i1`, `extend_i2`, `extend_i3`, `extend_i4`, `extend_f1`, `extend_f2`, `extend_f3`, `extend_f4`, `extend_d1`, `extend_d2`, `extend_d3`, `extend_d4`) VALUES ('1051669913278877696', '0', '0,', '120', '0000000120,', '1', '0', '内部访问', '内部访问', '4', 'sys_source_type', '1', '访问来源类型（1直接访问 2搜索引擎 3外部链接 4内部访问）', '', '', '0', 'system', '2018-10-15 11:03:41', 'system', '2018-10-15 11:03:41', '', '0', 'JeeSite', '', '', '', '', '', '', '', '', NULL, NULL, NULL, NULL, NULL, NULL, NULL, NULL, NULL, NULL, NULL, NULL);
INSERT INTO `js_sys_dict_data` (`dict_code`, `parent_code`, `parent_codes`, `tree_sort`, `tree_sorts`, `tree_leaf`, `tree_level`, `tree_names`, `dict_label`, `dict_value`, `dict_type`, `is_sys`, `description`, `css_style`, `css_class`, `status`, `create_by`, `create_date`, `update_by`, `update_date`, `remarks`, `corp_code`, `corp_name`, `extend_s1`, `extend_s2`, `extend_s3`, `extend_s4`, `extend_s5`, `extend_s6`, `extend_s7`, `extend_s8`, `extend_i1`, `extend_i2`, `extend_i3`, `extend_i4`, `extend_f1`, `extend_f2`, `extend_f3`, `extend_f4`, `extend_d1`, `extend_d2`, `extend_d3`, `extend_d4`) VALUES ('1051771558556807168', '0', '0,', '30', '0000000030,', '1', '0', '基础主题', '基础主题', 'default', 'cms_theme', '1', '站点主题', '', '', '0', 'system', '2018-10-15 17:47:35', 'system', '2018-10-15 17:47:35', '', '0', 'JeeSite', '', '', '', '', '', '', '', '', NULL, NULL, NULL, NULL, NULL, NULL, NULL, NULL, NULL, NULL, NULL, NULL);
INSERT INTO `js_sys_dict_data` (`dict_code`, `parent_code`, `parent_codes`, `tree_sort`, `tree_sorts`, `tree_leaf`, `tree_level`, `tree_names`, `dict_label`, `dict_value`, `dict_type`, `is_sys`, `description`, `css_style`, `css_class`, `status`, `create_by`, `create_date`, `update_by`, `update_date`, `remarks`, `corp_code`, `corp_name`, `extend_s1`, `extend_s2`, `extend_s3`, `extend_s4`, `extend_s5`, `extend_s6`, `extend_s7`, `extend_s8`, `extend_i1`, `extend_i2`, `extend_i3`, `extend_i4`, `extend_f1`, `extend_f2`, `extend_f3`, `extend_f4`, `extend_d1`, `extend_d2`, `extend_d3`, `extend_d4`) VALUES ('1051817866676088832', '0', '0,', '30', '0000000030,', '1', '0', '默认路径', '默认路径', '1', 'cms_templete_path', '1', '默认路径', '', '', '0', 'system', '2018-10-15 20:51:36', 'system', '2018-10-15 20:51:54', '/WEB-INF/views/modules/cms/front/themes', '0', 'JeeSite', '', '', '', '', '', '', '', '', NULL, NULL, NULL, NULL, NULL, NULL, NULL, NULL, NULL, NULL, NULL, NULL);


INSERT INTO `js_sys_menu` (`menu_code`, `parent_code`, `parent_codes`, `tree_sort`, `tree_sorts`, `tree_leaf`, `tree_level`, `tree_names`, `menu_name`, `menu_type`, `menu_href`, `menu_target`, `menu_icon`, `menu_color`, `permission`, `weight`, `is_show`, `sys_code`, `module_codes`, `status`, `create_by`, `create_date`, `update_by`, `update_date`, `remarks`, `extend_s1`, `extend_s2`, `extend_s3`, `extend_s4`, `extend_s5`, `extend_s6`, `extend_s7`, `extend_s8`, `extend_i1`, `extend_i2`, `extend_i3`, `extend_i4`, `extend_f1`, `extend_f2`, `extend_f3`, `extend_f4`, `extend_d1`, `extend_d2`, `extend_d3`, `extend_d4`) VALUES ('1051647284437196800', '0', '0,', '9070', '0000009070,', '1', '0', 'CMS管理', 'CMS管理', '1', '/cms/article/list', '', 'icon-grid', '', 'cms:article:view,cms:article:edit', '60', '1', 'default', 'cms', '1', 'system', '2018-10-15 09:33:46', 'system', '2018-10-15 09:49:13', '', '', '', '', '', '', '', '', '', NULL, NULL, NULL, NULL, NULL, NULL, NULL, NULL, NULL, NULL, NULL, NULL);
INSERT INTO `js_sys_menu` (`menu_code`, `parent_code`, `parent_codes`, `tree_sort`, `tree_sorts`, `tree_leaf`, `tree_level`, `tree_names`, `menu_name`, `menu_type`, `menu_href`, `menu_target`, `menu_icon`, `menu_color`, `permission`, `weight`, `is_show`, `sys_code`, `module_codes`, `status`, `create_by`, `create_date`, `update_by`, `update_date`, `remarks`, `extend_s1`, `extend_s2`, `extend_s3`, `extend_s4`, `extend_s5`, `extend_s6`, `extend_s7`, `extend_s8`, `extend_i1`, `extend_i2`, `extend_i3`, `extend_i4`, `extend_f1`, `extend_f2`, `extend_f3`, `extend_f4`, `extend_d1`, `extend_d2`, `extend_d3`, `extend_d4`) VALUES ('1051648840572575744', '0', '0,', '9070', '0000009070,', '1', '0', 'CMS管理', 'CMS管理', '1', '/cms/article/list', '', 'icon-grid', '', 'cms:article:view,cms:article:edit', '80', '1', 'default', 'cms', '1', 'system', '2018-10-15 09:39:57', 'system', '2018-10-15 09:49:15', '', '', '', '', '', '', '', '', '', NULL, NULL, NULL, NULL, NULL, NULL, NULL, NULL, NULL, NULL, NULL, NULL);
INSERT INTO `js_sys_menu` (`menu_code`, `parent_code`, `parent_codes`, `tree_sort`, `tree_sorts`, `tree_leaf`, `tree_level`, `tree_names`, `menu_name`, `menu_type`, `menu_href`, `menu_target`, `menu_icon`, `menu_color`, `permission`, `weight`, `is_show`, `sys_code`, `module_codes`, `status`, `create_by`, `create_date`, `update_by`, `update_date`, `remarks`, `extend_s1`, `extend_s2`, `extend_s3`, `extend_s4`, `extend_s5`, `extend_s6`, `extend_s7`, `extend_s8`, `extend_i1`, `extend_i2`, `extend_i3`, `extend_i4`, `extend_f1`, `extend_f2`, `extend_f3`, `extend_f4`, `extend_d1`, `extend_d2`, `extend_d3`, `extend_d4`) VALUES ('1051651768628781056', '0', '0,', '9100', '0000009100,', '0', '0', 'CMS管理', 'CMS管理', '1', '', '', 'icon-social-dropbox', '', '', '60', '1', 'default', 'laywer', '0', 'system', '2018-10-15 09:51:35', 'system', '2018-12-01 11:14:31', '', '', '', '', '', '', '', '', '', NULL, NULL, NULL, NULL, NULL, NULL, NULL, NULL, NULL, NULL, NULL, NULL);
INSERT INTO `js_sys_menu` (`menu_code`, `parent_code`, `parent_codes`, `tree_sort`, `tree_sorts`, `tree_leaf`, `tree_level`, `tree_names`, `menu_name`, `menu_type`, `menu_href`, `menu_target`, `menu_icon`, `menu_color`, `permission`, `weight`, `is_show`, `sys_code`, `module_codes`, `status`, `create_by`, `create_date`, `update_by`, `update_date`, `remarks`, `extend_s1`, `extend_s2`, `extend_s3`, `extend_s4`, `extend_s5`, `extend_s6`, `extend_s7`, `extend_s8`, `extend_i1`, `extend_i2`, `extend_i3`, `extend_i4`, `extend_f1`, `extend_f2`, `extend_f3`, `extend_f4`, `extend_d1`, `extend_d2`, `extend_d3`, `extend_d4`) VALUES ('1051722098399293440', '1051651768628781056', '0,1051651768628781056,', '30', '0000009100,0000000030,', '1', '1', 'CMS管理/站点设置', '站点设置', '1', '/cms/site/list', '', 'icon-badge', '', 'cms:site:view,cms:site:edit', '40', '1', 'default', 'cms', '0', 'system', '2018-10-15 14:31:03', 'system', '2018-12-01 11:14:31', '', '', '', '', '', '', '', '', '', NULL, NULL, NULL, NULL, NULL, NULL, NULL, NULL, NULL, NULL, NULL, NULL);
INSERT INTO `js_sys_menu` (`menu_code`, `parent_code`, `parent_codes`, `tree_sort`, `tree_sorts`, `tree_leaf`, `tree_level`, `tree_names`, `menu_name`, `menu_type`, `menu_href`, `menu_target`, `menu_icon`, `menu_color`, `permission`, `weight`, `is_show`, `sys_code`, `module_codes`, `status`, `create_by`, `create_date`, `update_by`, `update_date`, `remarks`, `extend_s1`, `extend_s2`, `extend_s3`, `extend_s4`, `extend_s5`, `extend_s6`, `extend_s7`, `extend_s8`, `extend_i1`, `extend_i2`, `extend_i3`, `extend_i4`, `extend_f1`, `extend_f2`, `extend_f3`, `extend_f4`, `extend_d1`, `extend_d2`, `extend_d3`, `extend_d4`) VALUES ('1052188262078312448', '1051651768628781056', '0,1051651768628781056,', '60', '0000009100,0000000060,', '1', '1', 'CMS管理/模版管理', '模版管理', '1', '/cms/template/', '', 'icon-graduation', '', 'cms:template:edit', '40', '1', 'default', 'cms', '0', 'system', '2018-10-16 21:23:25', 'system', '2018-12-01 11:14:31', '模版管理', '', '', '', '', '', '', '', '', NULL, NULL, NULL, NULL, NULL, NULL, NULL, NULL, NULL, NULL, NULL, NULL);
INSERT INTO `js_sys_menu` (`menu_code`, `parent_code`, `parent_codes`, `tree_sort`, `tree_sorts`, `tree_leaf`, `tree_level`, `tree_names`, `menu_name`, `menu_type`, `menu_href`, `menu_target`, `menu_icon`, `menu_color`, `permission`, `weight`, `is_show`, `sys_code`, `module_codes`, `status`, `create_by`, `create_date`, `update_by`, `update_date`, `remarks`, `extend_s1`, `extend_s2`, `extend_s3`, `extend_s4`, `extend_s5`, `extend_s6`, `extend_s7`, `extend_s8`, `extend_i1`, `extend_i2`, `extend_i3`, `extend_i4`, `extend_f1`, `extend_f2`, `extend_f3`, `extend_f4`, `extend_d1`, `extend_d2`, `extend_d3`, `extend_d4`) VALUES ('1052737740100808704', '1051651768628781056', '0,1051651768628781056,', '30', '0000009100,0000000030,', '1', '1', 'CMS管理/模版管理', '模版管理', '1', '/cms/template/', '', '', '', '', '40', '1', 'default', 'cms', '1', 'system', '2018-10-18 09:46:51', 'system', '2018-10-18 10:12:02', '', '', '', '', '', '', '', '', '', NULL, NULL, NULL, NULL, NULL, NULL, NULL, NULL, NULL, NULL, NULL, NULL);
INSERT INTO `js_sys_menu` (`menu_code`, `parent_code`, `parent_codes`, `tree_sort`, `tree_sorts`, `tree_leaf`, `tree_level`, `tree_names`, `menu_name`, `menu_type`, `menu_href`, `menu_target`, `menu_icon`, `menu_color`, `permission`, `weight`, `is_show`, `sys_code`, `module_codes`, `status`, `create_by`, `create_date`, `update_by`, `update_date`, `remarks`, `extend_s1`, `extend_s2`, `extend_s3`, `extend_s4`, `extend_s5`, `extend_s6`, `extend_s7`, `extend_s8`, `extend_i1`, `extend_i2`, `extend_i3`, `extend_i4`, `extend_f1`, `extend_f2`, `extend_f3`, `extend_f4`, `extend_d1`, `extend_d2`, `extend_d3`, `extend_d4`) VALUES ('1052752683797241856', '1051651768628781056', '0,1051651768628781056,', '90', '0000009100,0000000090,', '1', '1', 'CMS管理/栏目管理', '栏目管理', '1', '/cms/category/', '', 'icon-plus', '', 'cms:category:view,cms:category:edit', '40', '1', 'default', 'cms', '0', 'system', '2018-10-18 10:46:14', 'system', '2018-12-01 11:14:31', '', '', '', '', '', '', '', '', '', NULL, NULL, NULL, NULL, NULL, NULL, NULL, NULL, NULL, NULL, NULL, NULL);
INSERT INTO `js_sys_menu` (`menu_code`, `parent_code`, `parent_codes`, `tree_sort`, `tree_sorts`, `tree_leaf`, `tree_level`, `tree_names`, `menu_name`, `menu_type`, `menu_href`, `menu_target`, `menu_icon`, `menu_color`, `permission`, `weight`, `is_show`, `sys_code`, `module_codes`, `status`, `create_by`, `create_date`, `update_by`, `update_date`, `remarks`, `extend_s1`, `extend_s2`, `extend_s3`, `extend_s4`, `extend_s5`, `extend_s6`, `extend_s7`, `extend_s8`, `extend_i1`, `extend_i2`, `extend_i3`, `extend_i4`, `extend_f1`, `extend_f2`, `extend_f3`, `extend_f4`, `extend_d1`, `extend_d2`, `extend_d3`, `extend_d4`) VALUES ('1053520937242288128', '1051651768628781056', '0,1051651768628781056,', '120', '0000009100,0000000120,', '0', '1', 'CMS管理/内容发布', '内容发布', '1', '/cms/index', '', 'icon-book-open', '', 'cms:view', '40', '1', 'default', 'cms', '0', 'system', '2018-10-20 13:39:00', 'system', '2018-12-01 11:14:31', '', '', '', '', '', '', '', '', '', NULL, NULL, NULL, NULL, NULL, NULL, NULL, NULL, NULL, NULL, NULL, NULL);
INSERT INTO `js_sys_menu` (`menu_code`, `parent_code`, `parent_codes`, `tree_sort`, `tree_sorts`, `tree_leaf`, `tree_level`, `tree_names`, `menu_name`, `menu_type`, `menu_href`, `menu_target`, `menu_icon`, `menu_color`, `permission`, `weight`, `is_show`, `sys_code`, `module_codes`, `status`, `create_by`, `create_date`, `update_by`, `update_date`, `remarks`, `extend_s1`, `extend_s2`, `extend_s3`, `extend_s4`, `extend_s5`, `extend_s6`, `extend_s7`, `extend_s8`, `extend_i1`, `extend_i2`, `extend_i3`, `extend_i4`, `extend_f1`, `extend_f2`, `extend_f3`, `extend_f4`, `extend_d1`, `extend_d2`, `extend_d3`, `extend_d4`) VALUES ('1055643504022495232', '1053520937242288128', '0,1051651768628781056,1053520937242288128,', '30', '0000009100,0000000120,0000000030,', '1', '2', 'CMS管理/内容发布/内容管理', '内容管理', '1', '', '', '', '', 'cms:article:view,cms:article:edit', '40', '0', 'default', 'cms', '0', 'system', '2018-10-26 10:13:19', 'system', '2018-12-01 11:14:31', '', '', '', '', '', '', '', '', '', NULL, NULL, NULL, NULL, NULL, NULL, NULL, NULL, NULL, NULL, NULL, NULL);
INSERT INTO `js_sys_menu` (`menu_code`, `parent_code`, `parent_codes`, `tree_sort`, `tree_sorts`, `tree_leaf`, `tree_level`, `tree_names`, `menu_name`, `menu_type`, `menu_href`, `menu_target`, `menu_icon`, `menu_color`, `permission`, `weight`, `is_show`, `sys_code`, `module_codes`, `status`, `create_by`, `create_date`, `update_by`, `update_date`, `remarks`, `extend_s1`, `extend_s2`, `extend_s3`, `extend_s4`, `extend_s5`, `extend_s6`, `extend_s7`, `extend_s8`, `extend_i1`, `extend_i2`, `extend_i3`, `extend_i4`, `extend_f1`, `extend_f2`, `extend_f3`, `extend_f4`, `extend_d1`, `extend_d2`, `extend_d3`, `extend_d4`) VALUES ('1056048035888418816', '0', '0,', '9070', '0000009070,', '1', '0', '留言管理', '留言管理', '1', '/cms/cmsGuestbook/list', '', 'glyphicon glyphicon-bookmark', '', 'cms:cmsGuestbook:view,cms:cmsGuestbook:edit', '40', '1', 'default', 'cms', '1', 'system', '2018-10-27 13:00:47', 'system', '2018-10-27 13:03:11', '', '', '', '', '', '', '', '', '', NULL, NULL, NULL, NULL, NULL, NULL, NULL, NULL, NULL, NULL, NULL, NULL);
INSERT INTO `js_sys_menu` (`menu_code`, `parent_code`, `parent_codes`, `tree_sort`, `tree_sorts`, `tree_leaf`, `tree_level`, `tree_names`, `menu_name`, `menu_type`, `menu_href`, `menu_target`, `menu_icon`, `menu_color`, `permission`, `weight`, `is_show`, `sys_code`, `module_codes`, `status`, `create_by`, `create_date`, `update_by`, `update_date`, `remarks`, `extend_s1`, `extend_s2`, `extend_s3`, `extend_s4`, `extend_s5`, `extend_s6`, `extend_s7`, `extend_s8`, `extend_i1`, `extend_i2`, `extend_i3`, `extend_i4`, `extend_f1`, `extend_f2`, `extend_f3`, `extend_f4`, `extend_d1`, `extend_d2`, `extend_d3`, `extend_d4`) VALUES ('1056048226066550784', '1051651768628781056', '0,1051651768628781056,', '150', '0000009100,0000000150,', '1', '1', 'CMS管理/留言管理', '留言管理', '1', '/cms/cmsGuestbook/list', '', 'icon-organization', '', 'cms:cmsGuestbook:view,cms:cmsGuestbook:edit', '40', '1', 'default', 'cms', '1', 'system', '2018-10-27 13:01:32', 'system', '2018-10-27 13:03:18', '', '', '', '', '', '', '', '', '', NULL, NULL, NULL, NULL, NULL, NULL, NULL, NULL, NULL, NULL, NULL, NULL);
INSERT INTO `js_sys_menu` (`menu_code`, `parent_code`, `parent_codes`, `tree_sort`, `tree_sorts`, `tree_leaf`, `tree_level`, `tree_names`, `menu_name`, `menu_type`, `menu_href`, `menu_target`, `menu_icon`, `menu_color`, `permission`, `weight`, `is_show`, `sys_code`, `module_codes`, `status`, `create_by`, `create_date`, `update_by`, `update_date`, `remarks`, `extend_s1`, `extend_s2`, `extend_s3`, `extend_s4`, `extend_s5`, `extend_s6`, `extend_s7`, `extend_s8`, `extend_i1`, `extend_i2`, `extend_i3`, `extend_i4`, `extend_f1`, `extend_f2`, `extend_f3`, `extend_f4`, `extend_d1`, `extend_d2`, `extend_d3`, `extend_d4`) VALUES ('1056049272104996864', '1051651768628781056', '0,1051651768628781056,', '150', '0000009100,0000000150,', '1', '1', 'CMS管理/标签管理', '标签管理', '1', '/cms/articleTag/list', '', 'icon-film', '', 'cms:articleTag:view,cms:articleTag:edit', '40', '1', 'default', 'cms', '0', 'system', '2018-10-27 13:05:42', 'system', '2018-12-01 11:14:31', '', '', '', '', '', '', '', '', '', NULL, NULL, NULL, NULL, NULL, NULL, NULL, NULL, NULL, NULL, NULL, NULL);
INSERT INTO `js_sys_menu` (`menu_code`, `parent_code`, `parent_codes`, `tree_sort`, `tree_sorts`, `tree_leaf`, `tree_level`, `tree_names`, `menu_name`, `menu_type`, `menu_href`, `menu_target`, `menu_icon`, `menu_color`, `permission`, `weight`, `is_show`, `sys_code`, `module_codes`, `status`, `create_by`, `create_date`, `update_by`, `update_date`, `remarks`, `extend_s1`, `extend_s2`, `extend_s3`, `extend_s4`, `extend_s5`, `extend_s6`, `extend_s7`, `extend_s8`, `extend_i1`, `extend_i2`, `extend_i3`, `extend_i4`, `extend_f1`, `extend_f2`, `extend_f3`, `extend_f4`, `extend_d1`, `extend_d2`, `extend_d3`, `extend_d4`) VALUES ('1056051650971619328', '1051651768628781056', '0,1051651768628781056,', '180', '0000009100,0000000180,', '1', '1', 'CMS管理/访问日志', '访问日志', '1', '/cms/visitLog/list', '', 'icon-social-dribbble', '', 'cms:visitLog:view,cms:visitLog:edit', '40', '1', 'default', 'cms', '0', 'system', '2018-10-27 13:15:09', 'system', '2018-12-01 11:14:31', '', '', '', '', '', '', '', '', '', NULL, NULL, NULL, NULL, NULL, NULL, NULL, NULL, NULL, NULL, NULL, NULL);


INSERT INTO `js_cms_site` (`site_code`,`site_name`,`title`,`logo`,`domain`,`keywords`,`description`,`theme`,`copyright`,`custom_index_view`,`status`,`create_by`,`create_date`,`update_by`,`update_date`,`remarks`) VALUES ('main','JeeSite','JeeSite 企业级快速开发平台','/js/userfiles/fileupload/201909/1172327300411895810.png','www.jeesite.com','JeeSite|JeeSite Spring Cloud','JeeSite 隶属于济南卓源软件有限公司，是一个 Java EE 企业级快速开发平台， 基于经典技术组合（Spring Boot、Apache Shiro、MyBatis、Beetl、Bootstrap）在线代码生成工具， 支持 Spring Cloud 架构，分布式，微服务，微内核，信息化领域的专家。','default','<!--HTML--><p>Copyright © 2012-2013 ThinkGem，长春叭哥 - Powered By JeeSite 4.16</p>','index','0','system','2018-10-15 16:20:21','system','2019-12-01 19:21:53','java 快速开发平台, java 快速开发框架, jeesite, jeesite4, jeesite官网, 卓源软件, 济南卓源软件, 济南卓源软件有限公司, spring boot快速开发框架, spring boot快速开发平台, java开发框架, java开源框架, 开源快速开发, 快速开发平台 开源, jeesite spring boot, shiro, mybatis, beetl, bootstrap, adminlte');
INSERT INTO `js_cms_site` (`site_code`,`site_name`,`title`,`logo`,`domain`,`keywords`,`description`,`theme`,`copyright`,`custom_index_view`,`status`,`create_by`,`create_date`,`update_by`,`update_date`,`remarks`) VALUES ('1059450506497560576', '子站点', '子站点演示', '', 'www.jeesite.com', '', '', 'default', '<!--HTML--><p>子站点样式</p>', 'index', '0', 'system', '2018-11-05 22:20:59', 'system', '2018-11-05 22:20:59', '');

INSERT INTO `js_cms_category`(`category_code`,`parent_code`,`parent_codes`,`tree_sort`,`tree_sorts`,`tree_leaf`,`tree_level`,`tree_names`,`category_name`,`site_code`,`module_type`,`image`,`href`,`target`,`keywords`,`description`,`in_menu`,`in_list`,`show_modes`,`is_need_audit`,`is_can_comment`,`custom_list_view`,`custom_content_view`,`view_config`,`status`,`create_by`,`create_date`,`update_by`,`update_date`,`remarks`,`extend_s1`,`extend_s2`,`extend_s3`,`extend_s4`,`extend_s5`,`extend_s6`,`extend_s7`,`extend_s8`,`extend_i1`,`extend_i2`,`extend_i3`,`extend_i4`,`extend_f1`,`extend_f2`,`extend_f3`,`extend_f4`,`extend_d1`,`extend_d2`,`extend_d3`,`extend_d4`) values ('A1000','0','0,','30','0000000030,','1','0','政务公开','政务公开','main','article','','','','','','1','1','1','1','1','list','viewArticle','','0','system','2018-10-20 13:18:12','system','2019-12-01 19:37:35','','','','','','','','','',NULL,NULL,NULL,NULL,NULL,NULL,NULL,NULL,NULL,NULL,NULL,NULL),('A1001','0','0,','60','0000000060,','1','0','在线咨询','在线咨询','main','article','','','','','','0','1',NULL,NULL,NULL,'list','viewArticle','','0','system','2018-11-05 22:52:31','system','2019-12-01 19:37:40','','','','','','','','','',NULL,NULL,NULL,NULL,NULL,NULL,NULL,NULL,NULL,NULL,NULL,NULL),('A1002','0','0,','90','0000000090,','1','0','党政建设','党政建设','main','article','','','','','','0','1',NULL,NULL,NULL,'list','viewArticle','','0','system','2019-11-04 16:11:29','system','2019-12-01 19:37:46','','','','','','','','','',NULL,NULL,NULL,NULL,NULL,NULL,NULL,NULL,NULL,NULL,NULL,NULL);


INSERT INTO `js_cms_article`(`id`,`category_code`,`module_type`,`title`,`href`,`color`,`image`,`keywords`,`description`,`weight`,`weight_date`,`source`,`copyfrom`,`hits`,`hits_plus`,`hits_minus`,`word_count`,`custom_content_view`,`view_config`,`status`,`create_by`,`create_date`,`update_by`,`update_date`,`remarks`,`corp_code`,`corp_name`) values ('1189377353121218560','A1000',NULL,'文章标题标题标题标题','','#571111','','','文章摘要','9999','2019-10-30 11:03:00','2',NULL,'0',NULL,NULL,NULL,'viewArticle','','0','system','2019-10-30 11:03:53','system','2019-12-01 19:22:27','','0','JeeSite'),('1201090513203408896','A1002',NULL,'文章标题标题标题标题','','','','','文章摘要','0',NULL,'2',NULL,'0',NULL,NULL,NULL,'viewArticle','','0','system','2019-12-01 18:47:48','system','2019-12-01 18:47:59','','0','JeeSite'),('1201099709088428032','A1000',NULL,'文章标题标题标题标题','','','','','文章摘要','0',NULL,'2',NULL,'1',NULL,NULL,NULL,'viewArticle','','0','system','2019-12-01 19:24:21','system','2019-12-01 19:24:21','','0','JeeSite'),('1201099776344092672','A1000',NULL,'文章标题标题标题标题','','','','','文章摘要','0',NULL,'2',NULL,'5',NULL,NULL,NULL,'viewArticle','','0','system','2019-12-01 19:24:37','system','2019-12-01 19:24:37','','0','JeeSite'),('1201099883034603520','A1001',NULL,'文章标题标题标题标题','','','','','文章摘要','0',NULL,'2',NULL,'2',NULL,NULL,NULL,'viewArticle','','0','system','2019-12-01 19:25:02','system','2019-12-01 19:25:02','','0','JeeSite'),('1201099931382345728','A1001',NULL,'文章标题标题标题标题','','','','','文章摘要','0',NULL,'2',NULL,'5',NULL,NULL,NULL,'viewArticle','','0','system','2019-12-01 19:25:14','system','2019-12-01 19:36:30','','0','JeeSite'),('1201100000860991488','A1001',NULL,'文章标题标题标题标题','','','','','文章摘要','0',NULL,'2',NULL,'0',NULL,NULL,NULL,'viewArticle','','0','system','2019-12-01 19:25:30','system','2019-12-01 19:25:30','','0','JeeSite'),('1201100067252629504','A1000',NULL,'文章内容内容内容内容','','','','','文章摘要','0',NULL,'2',NULL,'1',NULL,NULL,NULL,'viewArticle','','0','system','2019-12-01 19:25:46','system','2019-12-01 19:25:46','','0','JeeSite'),('1201100119392022528','A1000',NULL,'文章内容内容内容内容','','','','','文章摘要','0',NULL,'2',NULL,'7',NULL,NULL,NULL,'viewArticle','','0','system','2019-12-01 19:25:58','system','2019-12-01 19:25:58','','0','JeeSite'),('1201100290607706112','A1001',NULL,'在线咨询文章内容内容内容内容','','','','','在线咨询文章摘要','0',NULL,'2',NULL,'19',NULL,NULL,NULL,'viewArticle','','0','system','2019-12-01 19:26:39','system','2019-12-01 19:26:39','','0','JeeSite'),('1201100389807190016','A1001',NULL,'文章标题标题标题标题','','','','','文章摘要','0',NULL,'2',NULL,'1',NULL,NULL,NULL,'viewArticle','','0','system','2019-12-01 19:27:03','system','2019-12-01 19:27:03','','0','JeeSite'),('1201100476448927744','A1002',NULL,'文章标题标题标题标题','','','','','文章摘要','0',NULL,'2',NULL,'0',NULL,NULL,NULL,'viewArticle','','0','system','2019-12-01 19:27:24','system','2019-12-01 19:27:24','','0','JeeSite'),('1201100541049597952','A1002',NULL,'文章标题标题标题标题','','','','','文章摘要','0',NULL,'2',NULL,'0',NULL,NULL,NULL,'viewArticle','','0','system','2019-12-01 19:27:39','system','2019-12-01 19:27:39','','0','JeeSite'),('1201100609546776576','A1002',NULL,'文章标题标题标题标题','','','','','文章摘要','0',NULL,'2',NULL,'0',NULL,NULL,NULL,'viewArticle','','0','system','2019-12-01 19:27:55','system','2019-12-01 19:27:55','','0','JeeSite'),('1201100697031569408','A1002',NULL,'文章标题标题标题标题','','','','','文章摘要','0',NULL,'2',NULL,'2',NULL,NULL,NULL,'viewArticle','','0','system','2019-12-01 19:28:16','system','2019-12-01 19:28:16','','0','JeeSite');
INSERT INTO `js_cms_article_data`(`id`,`content`,`relation`,`is_can_comment`,`extend_s1`,`extend_s2`,`extend_s3`,`extend_s4`,`extend_s5`,`extend_s6`,`extend_s7`,`extend_s8`,`extend_i1`,`extend_i2`,`extend_i3`,`extend_i4`,`extend_f1`,`extend_f2`,`extend_f3`,`extend_f4`,`extend_d1`,`extend_d2`,`extend_d3`,`extend_d4`) values ('1189377353121218560','<!--HTML--><p><span style=\"color: rgb(85, 85, 85); font-family: Helvetica, Georgia, Arial, sans-serif, 宋体; font-size: 14px; background-color: rgb(255, 255, 255);\">文章内容内容内容内容</span></p>',NULL,NULL,NULL,NULL,NULL,NULL,NULL,NULL,NULL,NULL,NULL,NULL,NULL,NULL,NULL,NULL,NULL,NULL,NULL,NULL,NULL,NULL),('1201090513203408896','<!--HTML--><p>文章内容内容内容内容</p>',NULL,NULL,NULL,NULL,NULL,NULL,NULL,NULL,NULL,NULL,NULL,NULL,NULL,NULL,NULL,NULL,NULL,NULL,NULL,NULL,NULL,NULL),('1201099709088428032','<!--HTML--><p><span style=\"color: rgb(85, 85, 85); font-family: Helvetica, Georgia, Arial, sans-serif, 宋体; font-size: 14px; background-color: rgb(255, 255, 255);\">文章内容内容内容内容</span></p>',NULL,NULL,NULL,NULL,NULL,NULL,NULL,NULL,NULL,NULL,NULL,NULL,NULL,NULL,NULL,NULL,NULL,NULL,NULL,NULL,NULL,NULL),('1201099776344092672','<!--HTML--><p><span style=\"color: rgb(85, 85, 85); font-family: Helvetica, Georgia, Arial, sans-serif, 宋体; font-size: 14px; background-color: rgb(255, 255, 255);\">文章内容内容内容内容</span></p>',NULL,NULL,NULL,NULL,NULL,NULL,NULL,NULL,NULL,NULL,NULL,NULL,NULL,NULL,NULL,NULL,NULL,NULL,NULL,NULL,NULL,NULL),('1201099883034603520','<!--HTML--><p><span style=\"color: rgb(85, 85, 85); font-family: Helvetica, Georgia, Arial, sans-serif, 宋体; font-size: 14px; background-color: rgb(255, 255, 255);\">文章内容内容内容内容</span></p>',NULL,NULL,NULL,NULL,NULL,NULL,NULL,NULL,NULL,NULL,NULL,NULL,NULL,NULL,NULL,NULL,NULL,NULL,NULL,NULL,NULL,NULL),('1201099931382345728','<!--HTML--><p><span style=\"color: rgb(85, 85, 85); font-family: Helvetica, Georgia, Arial, sans-serif, 宋体; font-size: 14px; background-color: rgb(255, 255, 255);\">文章内容内容内容内容</span></p>',NULL,NULL,NULL,NULL,NULL,NULL,NULL,NULL,NULL,NULL,NULL,NULL,NULL,NULL,NULL,NULL,NULL,NULL,NULL,NULL,NULL,NULL),('1201100000860991488','<!--HTML--><p><span style=\"color: rgb(85, 85, 85); font-family: Helvetica, Georgia, Arial, sans-serif, 宋体; font-size: 14px; background-color: rgb(255, 255, 255);\">文章内容内容内容内容</span><span style=\"color: rgb(85, 85, 85); font-family: Helvetica, Georgia, Arial, sans-serif, 宋体; font-size: 14px; background-color: rgb(255, 255, 255);\">文章内容内容内容内容</span></p>',NULL,NULL,NULL,NULL,NULL,NULL,NULL,NULL,NULL,NULL,NULL,NULL,NULL,NULL,NULL,NULL,NULL,NULL,NULL,NULL,NULL,NULL),('1201100067252629504','<!--HTML--><p><span style=\"color: rgb(85, 85, 85); font-family: Helvetica, Georgia, Arial, sans-serif, 宋体; font-size: 14px; background-color: rgb(255, 255, 255);\">文章内容内容内容内容</span></p>',NULL,NULL,NULL,NULL,NULL,NULL,NULL,NULL,NULL,NULL,NULL,NULL,NULL,NULL,NULL,NULL,NULL,NULL,NULL,NULL,NULL,NULL),('1201100119392022528','<!--HTML--><p><span style=\"color: rgb(85, 85, 85); font-family: Helvetica, Georgia, Arial, sans-serif, 宋体; font-size: 14px; background-color: rgb(255, 255, 255);\">文章内容内容内容内容</span></p>',NULL,NULL,NULL,NULL,NULL,NULL,NULL,NULL,NULL,NULL,NULL,NULL,NULL,NULL,NULL,NULL,NULL,NULL,NULL,NULL,NULL,NULL),('1201100290607706112','<!--HTML--><p><span style=\"color: rgb(85, 85, 85); font-family: &quot;Helvetica Neue&quot;, Helvetica, Arial, sans-serif; font-size: 14px; background-color: rgb(255, 255, 255);\">文章内容内容内容内容</span></p>',NULL,NULL,NULL,NULL,NULL,NULL,NULL,NULL,NULL,NULL,NULL,NULL,NULL,NULL,NULL,NULL,NULL,NULL,NULL,NULL,NULL,NULL),('1201100389807190016','<!--HTML--><p><span style=\"color: rgb(85, 85, 85); font-family: &quot;Helvetica Neue&quot;, Helvetica, Arial, sans-serif; font-size: 14px; background-color: rgb(255, 255, 255);\">文章内容内容内容内容</span></p>',NULL,NULL,NULL,NULL,NULL,NULL,NULL,NULL,NULL,NULL,NULL,NULL,NULL,NULL,NULL,NULL,NULL,NULL,NULL,NULL,NULL,NULL),('1201100476448927744','<!--HTML--><p><span style=\"color: rgb(85, 85, 85); font-family: &quot;Helvetica Neue&quot;, Helvetica, Arial, sans-serif; font-size: 14px; background-color: rgb(255, 255, 255);\">文章内容内容内容内容</span><span style=\"color: rgb(85, 85, 85); font-family: &quot;Helvetica Neue&quot;, Helvetica, Arial, sans-serif; font-size: 14px; background-color: rgb(255, 255, 255);\">文章内容内容内容内容</span></p>',NULL,NULL,NULL,NULL,NULL,NULL,NULL,NULL,NULL,NULL,NULL,NULL,NULL,NULL,NULL,NULL,NULL,NULL,NULL,NULL,NULL,NULL),('1201100541049597952','<!--HTML--><p><span style=\"color: rgb(85, 85, 85); font-family: &quot;Helvetica Neue&quot;, Helvetica, Arial, sans-serif; font-size: 14px; background-color: rgb(255, 255, 255);\">文章内容内容内容内容</span><span style=\"color: rgb(85, 85, 85); font-family: &quot;Helvetica Neue&quot;, Helvetica, Arial, sans-serif; font-size: 14px; background-color: rgb(255, 255, 255);\">文章内容内容内容内容</span></p>',NULL,NULL,NULL,NULL,NULL,NULL,NULL,NULL,NULL,NULL,NULL,NULL,NULL,NULL,NULL,NULL,NULL,NULL,NULL,NULL,NULL,NULL),('1201100609546776576','<!--HTML--><p>文章内容内容内容内容文章内容内容内容内容</p>',NULL,NULL,NULL,NULL,NULL,NULL,NULL,NULL,NULL,NULL,NULL,NULL,NULL,NULL,NULL,NULL,NULL,NULL,NULL,NULL,NULL,NULL),('1201100697031569408','<!--HTML--><p><strong>文章内容内容内容内容文章内容内容内容内容</strong><br/></p>',NULL,NULL,NULL,NULL,NULL,NULL,NULL,NULL,NULL,NULL,NULL,NULL,NULL,NULL,NULL,NULL,NULL,NULL,NULL,NULL,NULL,NULL);



